{
    "Dockerfile": {
        "EMAIL_ADDR": "doug@unlikelysource.cpom",
        "BASE_DIR": "\/srv\/tempo",
        "BACKUP_LOC": "backups",
        "DOC_ROOT": "public",
        "REPO_BRANCH": "",
        "REPO_TOKEN": "",
        "REPO_USER": "dbierer",
        "REPO_URL": "https:\/\/github.com\/dbierer\/SimpleHtml.git",
        "SMTP_HOST": "Enter hostname for your SMTP server here",
        "SMTP_USERNAME": "SMTP username",
        "SMTP_PASSWORD": "SMTP password",
        "DB_USER": "test",
        "DB_PWD": "test",
        "DB_NAME": "test",
        "URL": "test.net"
    },
    "linuxforcomposer.json": {
        "LFC_ACCOUNT": "LfPHP cloud services account",
        "LFC_USERNAME": "LfPHP cloud services username",
        "LFC_CONTAINER": "LfPHP cloud services container name",
        "LFC_TOKEN": "LfPHP cloud services token"
    },
    "docker-compose.yml": {
        "COMPOSE_CONTAINER": "test_net",
        "BASE_DIR": "\/srv\/tempo",
        "URL": "test.net",
        "IP_ADDR": "172.16.1.111",
        "IP_SUBNET_MASK": "172.16.1.0\/24"
    }
}
